Subtask ID,Parent Task ID,Parent Task Name,Subtask Name,Status,Dependencies,Description
2.1,2,Fix API Endpoints,Connect to Google Cloud Storage (GCS),Done,,Establish a secure connection to GCS using appropriate authentication methods and client libraries.
2.2,2,Fix API Endpoints,Implement Log Retrieval from GCS,Done,2.1,Develop functionality to retrieve log files from GCS buckets.
2.3,2,Fix API Endpoints,Add Filtering Capabilities to Log Retrieval,Done,2.2,Implement filtering mechanisms to retrieve specific logs based on criteria such as date severity or keywords.
2.4,2,Fix API Endpoints,Ensure Efficient Handling of Large Volumes of Logs,Done,2.3,Optimize the log retrieval process to handle large datasets efficiently minimizing latency and resource consumption.
4.1,4,Develop Loading States and Fallback Data,Create Enhanced Skeleton Components,Done,,Build comprehensive skeleton loading components for different data types (charts tables cards lists)
4.2,4,Develop Loading States and Fallback Data,Implement Comprehensive Loading States,Done,4.1,Add loading states to all components that fetch data with proper error handling
4.3,4,Develop Loading States and Fallback Data,Create Fallback Data Providers,Done,4.2,Implement mock data providers and fallback mechanisms for when APIs are unavailable
5.1,5,Complete Cognitive Insights Page,Integrate with GPT Model API,Done,,Establish a connection with a GPT model API to enable the generation of summaries from log data.
5.2,5,Complete Cognitive Insights Page,Process and Summarize Logs,Done,5.1,Develop functionality to process raw log data and generate concise summaries using the integrated GPT model API.
5.3,5,Complete Cognitive Insights Page,Ensure Meaningful Summarization,Done,5.2,Implement mechanisms to verify that the generated summaries are coherent accurate and provide value to the end-users.
5.4,5,Complete Cognitive Insights Page,Implement Caching for Recent Summaries,Done,5.2,Set up a caching system to store recent summaries reducing latency and API usage for frequently accessed log data.
7.5,7,Redesign Emergency Controls,Update Emergency Controls Styling,Done,,Refactor the styling in frontend/app/system/trades/page.tsx to replace the harsh red design with a refined subtle style.
7.6,7,Redesign Emergency Controls,Implement Accessibility and Responsiveness Improvements,Done,7.5,Ensure that the updated emergency controls are fully accessible and responsive across devices.
7.7,7,Redesign Emergency Controls,Conduct User Testing for Emergency Controls,Done,"7.5, 7.6",Validate the redesigned controls through user testing to ensure that they are both elegant and effective in signaling their emergency functions.
8.1,8,Enhance UI/UX Design,Improve Global Typography and Spacing,Done,,Standardize typography scales font weights and spacing throughout the dashboard for consistency
8.2,8,Enhance UI/UX Design,Enhance Loading States and Animations,Done,8.1,Add smooth loading animations and skeleton loaders throughout the dashboard
8.3,8,Enhance UI/UX Design,Optimize Responsive Design and Mobile Experience,Done,8.2,Improve mobile responsiveness and ensure consistent experience across devices
10.1,10,Fix Routing and 404 Errors,Set Up React Router in the Dashboard,Done,,Integrate React Router into the dashboard to manage client-side routing effectively.
10.2,10,Fix Routing and 404 Errors,Define All Necessary Routes,Done,10.1,Clearly define all routes required for the dashboard to ensure proper navigation.
10.3,10,Fix Routing and 404 Errors,Implement a Catch-All Route for Undefined Paths,Done,10.2,Create a route that matches any undefined paths to display a custom 404 page.
10.4,10,Fix Routing and 404 Errors,Design a User-Friendly 404 Page,Done,10.3,Develop a custom 404 page that informs users when they navigate to an undefined route.
10.5,10,Fix Routing and 404 Errors,Test All Routes and 404 Handling,Done,10.4,Conduct thorough testing to ensure all routes function correctly and the 404 page appears for undefined paths.
12.1,12,Optimize Rendering Performance,Implement React.memo for Component Memoization,Done,,Wrap functional components with React.memo to prevent unnecessary re-renders when props remain unchanged enhancing performance by memoizing the component's output.
12.2,12,Optimize Rendering Performance,Utilize useMemo and useCallback Hooks for Performance Optimization,Done,,Employ useMemo to memoize expensive calculations and useCallback to memoize functions passed as props reducing unnecessary recalculations and function recreations on every render.
12.3,12,Optimize Rendering Performance,Implement Code Splitting with React.lazy and Suspense,Done,,Use React.lazy and Suspense to dynamically import components enabling code splitting and reducing the initial load time of the application.
12.4,12,Optimize Rendering Performance,Optimize Component Structure and Implement Lazy Loading for Heavy Components,Done,,Restructure components to ensure efficient rendering and apply lazy loading to heavy components to improve performance especially for complex visualizations and data-intensive components.
12.5,12,Optimize Rendering Performance,Implement Virtualization for Large Lists and Tables,Done,,Use libraries like react-window to render only visible items in large lists and tables reducing memory usage and improving rendering performance.
13.1,13,Secure API Endpoints,Implement Toggled JWT Authentication Middleware,Done,,Develop a JWT-based authentication middleware that can be enabled or disabled via configuration. This middleware should validate incoming tokens without affecting existing non-secured endpoints.
13.2,13,Secure API Endpoints,Integrate Express Rate Limiting,Done,13.1,Implement rate limiting for API endpoints using a library such as 'express-rate-limit' while defaulting to generous limits to avoid disrupting current usage.
13.3,13,Secure API Endpoints,Add Input Validation for API Endpoints,In Progress,13.1,Introduce input validation for API endpoints to ensure that incoming data is sanitized and meets expected formats without breaking backward compatibility.
13.4,13,Secure API Endpoints,Configure Security Headers and CORS Settings,Pending,"13.1, 13.2, 13.3",Enhance the API's security by implementing security headers proper CORS configuration and enforcing HTTPS for data encryption in transit.
16.1,16,Fix Pod Lifecycle Management for Post-Market Scaling,Verify CronJob Schedules and Time Zone Configurations,Done,,Ensure that the CronJobs (market-close-scaler trade-stop-scaler weekend-scaler holiday-scaler) are scheduled correctly to trigger at 3:35 PM and 4:30 PM IST accounting for any time zone discrepancies.
16.2,16,Fix Pod Lifecycle Management for Post-Market Scaling,Check CronJob Status and Logs,Done,16.1,Investigate the status and logs of the CronJobs to identify any errors or issues preventing them from executing as intended.
16.3,16,Fix Pod Lifecycle Management for Post-Market Scaling,Verify Service Account Permissions,Done,16.2,Ensure that the service accounts associated with the CronJobs have the necessary permissions to perform scaling operations on the pods.
16.4,16,Fix Pod Lifecycle Management for Post-Market Scaling,Assess Kubernetes Scheduler Health,Done,16.3,Examine the status and logs of the Kubernetes scheduler to ensure it is processing scaling requests correctly and is not experiencing issues that could affect CronJob executions.
16.5,16,Fix Pod Lifecycle Management for Post-Market Scaling,Implement Monitoring and Alerting for Scaling Operations,Done,16.4,Set up monitoring and alerting using Prometheus and Grafana to detect and respond to scaling failures promptly ensuring that any future issues are identified and addressed quickly. 